{
  "project_info": {
    "project_number": "803345442476",
    "project_id": "mentyour-3e30a",
    "storage_bucket": "mentyour-3e30a.appspot.com"
  },
  "client": [
    {
      "client_info": {
        "mobilesdk_app_id": "1:803345442476:android:b4211f266f30c9bb692109",
        "android_client_info": {
          "package_name": "com.bitnuggets.mentyour"
        }
      },
      "oauth_client": [
        {
          "client_id": "803345442476-f7u8uhjmvickekjrh8j61td5qvs6akct.apps.googleusercontent.com",
          "client_type": 1,
          "android_info": {
            "package_name": "com.bitnuggets.mentyour",
            "certificate_hash": "be8c4e8bf2383410dc38eacf3cbb6fc615eb3518"
          }
        },
        {
          "client_id": "803345442476-470tul69voramhhk7f9s5hdo78q04uov.apps.googleusercontent.com",
          "client_type": 3
        }
      ],
      "api_key": [
        {
          "current_key": "AIzaSyDxa3kxIi9wBQ6sCYO-xqr58rL5kDx7LhY"
        }
      ],
      "services": {
        "appinvite_service": {
          "other_platform_oauth_client": [
            {
              "client_id": "803345442476-470tul69voramhhk7f9s5hdo78q04uov.apps.googleusercontent.com",
              "client_type": 3
            }
          ]
        }
      }
    }
  ],
  "configuration_version": "1"
}